{
  "version": "1.0",
  "model_type": "logistic_regression",
  "created_at": "2025-12-07T16:30:30.735825",
  "features": [
    "urlLength",
    "domainLength",
    "pathLength",
    "numDots",
    "numHyphens",
    "numUnderscores",
    "numPercent",
    "numAmpersand",
    "numEquals",
    "numQuestion",
    "hasHTTPS",
    "hasAt",
    "hasIP",
    "hasPort",
    "hasSuspiciousTLD",
    "numSubdomains",
    "maxSubdomainLength",
    "typosquattingScore",
    "missingCharScore",
    "hasBrandName",
    "digitRatio",
    "entropy",
    "hasLoginKeyword",
    "hasVerifyKeyword",
    "hasSecureKeyword",
    "hasAccountKeyword",
    "hasUpdateKeyword",
    "hasUrgencyKeyword",
    "suspiciousPatternCount",
    "combinedSuspicious"
  ],
  "scaler": {
    "mean": [
      48.56782334384858,
      13.015772870662461,
      17.22397476340694,
      1.9369085173501577,
      0.9779179810725552,
      0.12618296529968454,
      0.006309148264984227,
      0.031545741324921134,
      0.06624605678233439,
      0.03470031545741325,
      0.7854889589905363,
      0.006309148264984227,
      0.22712933753943218,
      0.0031545741324921135,
      0.08517350157728706,
      0.7034700315457413,
      5.946372239747634,
      0.033297251603059734,
      0.10252365930599369,
      0.15141955835962145,
      0.04326950548884117,
      3.254423157668018,
      0.14195583596214512,
      0.0031545741324921135,
      0.01892744479495268,
      0.031545741324921134,
      0.0,
      0.006309148264984227,
      1.8927444794952681,
      0.13582091090905343
    ],
    "scale": [
      52.19122180436586,
      4.536192046507415,
      20.866792312792846,
      0.9772461312763778,
      1.7246088806973454,
      1.0521911662979173,
      0.07917918232183681,
      0.5607693638684915,
      0.639422138588631,
      0.18301968081211717,
      0.41048270888613553,
      0.07917918232183681,
      0.4189768508740439,
      0.05607693638684913,
      0.2791397073265481,
      0.5731263065830038,
      7.394278700577638,
      0.13271313481105976,
      0.2131079353687204,
      0.35845735549127555,
      0.16773289813821657,
      1.3333519051041545,
      0.34900483750004624,
      0.056076936386849144,
      0.1362688395359948,
      0.17478732084788728,
      1.0,
      0.07917918232183681,
      1.3152266627684013,
      0.2370659319896917
    ]
  },
  "metrics": {
    "accuracy": 0.9375,
    "precision": 1.0,
    "recall": 0.9137931034482759,
    "f1_score": 0.954954954954955,
    "roc_auc": 0.9921630094043887,
    "false_positive_rate": 0.0,
    "false_negative_rate": 0.08620689655172414,
    "confusion_matrix": [
      [
        22,
        0
      ],
      [
        5,
        53
      ]
    ],
    "true_negatives": 22,
    "true_positives": 53,
    "false_positives": 0,
    "false_negatives": 5,
    "cv_accuracy_mean": 0.9890587673196368,
    "cv_accuracy_std": 0.006950307126797184
  },
  "coefficients": [
    1.8342554743550294,
    -0.0057224423403513785,
    3.744685620177944,
    0.7755675541444399,
    2.3327419992714837,
    0.23887344512014175,
    0.04730044320366825,
    -0.0034140129836526256,
    0.10032089201833093,
    0.3609550236096145,
    -1.550500529051344,
    0.10051001976522637,
    -0.0812862376778611,
    0.0651374802167858,
    1.294391977879937,
    -0.8837762580133739,
    2.36858800983046,
    0.3478751266206663,
    -0.00427266949999012,
    -0.2776701418955621,
    0.36989224629763423,
    0.14450559563988247,
    0.01518932649395072,
    -0.003228157923659481,
    -0.00826394845173382,
    0.2567304114673231,
    0.0,
    -0.004591908135104757,
    0.500469500293935,
    0.1909049453927225
  ],
  "intercept": 5.643630110143807
}