{
  "version": "4.0",
  "model_type": "LogisticRegression",
  "trained_on": 100.0,
  "coefficients": [
    0.09637715080850282,
    -0.06387264696398513,
    0.21527944277567854,
    0.0,
    0.03485702648197364,
    0.0,
    0.0,
    0.0,
    0.0,
    0.25378924823338356,
    0.140342642622244,
    -0.08140103980950593,
    0.21527944277567854,
    0.2537892482333834,
    0.30341783778993986,
    0.15121492003897233,
    -0.08140103980950594,
    0.03218694417366426,
    0.3856115420942145,
    -0.050825415856856966,
    0.18836281956632084,
    0.0,
    0.13193340843863208,
    -0.11684335127868156,
    0.11510573535349324,
    0.029874385506942325,
    0.03485702648197361,
    0.06468001973244496,
    0.03485702648197361,
    0.0,
    0.0,
    0.06468001973244496,
    0.08801643028983071,
    0.06436418807061159,
    0.0,
    -1.3373562021985208,
    0.3039852565813205,
    0.0,
    0.0,
    0.0,
    0.3355220904542734,
    0.2080455701593698,
    0.07790966689464812,
    0.11393051619830977,
    0.21558150699821535,
    -0.05233679897968058,
    0.06658627470695258,
    0.3444652526487622,
    0.0,
    -0.0346238236400272,
    0.28097192478331834,
    0.001627188008213327,
    0.3311787973327226,
    0.3908418935097069,
    0.25416605306077167
  ],
  "intercept": 0.47592827655521996,
  "scaler_mean": [
    26.274131274131275,
    1.4864864864864864,
    0.6795366795366795,
    0.0,
    2.1235521235521237,
    0.0,
    0.0,
    0.0,
    0.0,
    0.6756756756756757,
    17.864864864864863,
    1.471042471042471,
    0.6795366795366795,
    0.6756756756756757,
    0.08494208494208494,
    0.06563706563706563,
    0.47104247104247104,
    1.942084942084942,
    0.0694980694980695,
    0.04247104247104247,
    3.3276971196132648,
    0.0,
    0.13127413127413126,
    0.16988416988416988,
    0.11583011583011583,
    0.918918918918919,
    0.12355212355212356,
    0.015444015444015444,
    0.12355212355212356,
    0.0,
    0.0,
    0.015444015444015444,
    0.023166023166023165,
    0.011583011583011582,
    0.0,
    0.49034749034749037,
    0.25868725868725867,
    0.0,
    0.0,
    0.0,
    0.7760617760617761,
    0.138996138996139,
    0.07722007722007722,
    0.10038610038610038,
    0.2548262548262548,
    0.3590733590733591,
    0.39768339768339767,
    0.10810810810810811,
    0.0,
    0.015444015444015444,
    0.3549512578059009,
    0.6689415305026747,
    0.6495183938880105,
    0.14844033193967,
    0.06107579836571435
  ],
  "scaler_scale": [
    11.96448035931696,
    0.6769871442255965,
    1.5174678466587128,
    1.0,
    0.43070532100028747,
    1.0,
    1.0,
    1.0,
    1.0,
    2.0218466622624414,
    12.297199711098225,
    0.6291896440937514,
    1.5174678466587128,
    2.0218466622624414,
    0.2787954934136789,
    0.24764660557258114,
    0.6291896440937514,
    2.7831062852685693,
    0.2542992092675689,
    0.2016612333158391,
    0.48719366969183836,
    1.0,
    0.3376999166898822,
    0.37553100898186376,
    0.32002109320620936,
    3.2079157026935827,
    0.4307053210002876,
    0.12331057469244276,
    0.4307053210002876,
    1.0,
    1.0,
    0.12331057469244276,
    0.15043057713342223,
    0.10699927768765267,
    1.0,
    0.49990682037496564,
    0.43791341710448944,
    1.0,
    1.0,
    1.0,
    1.1508123419466656,
    0.34594249860389314,
    0.26694032459372363,
    0.3005141115411594,
    0.43576350773955297,
    0.4797287586513168,
    0.48941936301129874,
    0.31051689981286607,
    1.0,
    0.12331057469244278,
    0.12816865573072336,
    0.11295567432117357,
    0.12447560229184033,
    0.02164187531245488,
    0.1827444206788259
  ],
  "feature_names": [
    "url_length",
    "num_dots",
    "num_hyphens",
    "num_underscores",
    "num_slashes",
    "num_question_marks",
    "num_ampersands",
    "num_equals",
    "num_at_symbols",
    "num_digits_url",
    "domain_length",
    "domain_dots",
    "domain_hyphens",
    "domain_digits",
    "has_suspicious_tld",
    "is_ip_address",
    "num_subdomains",
    "subdomain_length",
    "has_digit_substitution",
    "has_consonant_sequence",
    "domain_entropy",
    "has_port",
    "has_multiple_hyphens",
    "domain_very_short",
    "domain_very_long",
    "path_length",
    "path_slashes",
    "path_dots",
    "path_depth",
    "query_length",
    "num_params",
    "has_suspicious_extension",
    "has_login_path",
    "has_admin_path",
    "has_sensitive_params",
    "uses_https",
    "http_with_financial",
    "https_in_domain",
    "fake_www",
    "mixed_protocols",
    "phishing_keyword_count",
    "has_verify",
    "has_secure",
    "has_update_confirm",
    "has_multiple_keywords",
    "contains_brand",
    "brand_with_digit",
    "brand_in_subdomain",
    "brand_with_hyphen",
    "multiple_brands",
    "vowel_consonant_ratio",
    "char_diversity",
    "domain_url_ratio",
    "special_char_ratio",
    "domain_digit_ratio"
  ],
  "metrics": {
    "train_accuracy": 1.0,
    "train_precision": 1.0,
    "train_recall": 1.0,
    "train_f1": 1.0,
    "test_accuracy": 1.0,
    "test_precision": 1.0,
    "test_recall": 1.0,
    "test_f1": 1.0,
    "cv_mean": 1.0,
    "cv_std": 0.0
  },
  "hyperparameters": {
    "C": 0.1,
    "class_weight": "balanced",
    "max_iter": 2000,
    "solver": "lbfgs"
  },
  "num_features": 55
}